Park,Year,JAN,FEB,MAR,APR,MAY,JUN,JUL,AUG,SEP,OCT,NOV,DEC
Channel Islands,2025,13763,13047,20331,21919,23187,26297,28890,23860,18619,10724,12471,14081
Channel Islands,2024,17055,14888,23069,22081,23374,26180,32816,26380,20251,23694,17900,14893
Channel Islands,2023,12950,19726,25063,27243,30918,36635,38390,31076,31607,28935,27115,19088
Channel Islands,2022,16968,21175,25048,30769,23636,30138,37853,33844,31120,27647,27468,17579
Channel Islands,2021,1684,13176,13914,22512,28239,40977,41381,36839,37121,35612,30330,17467
Channel Islands,2020,18955,20318,13408,365,2514,13740,15323,18462,18147,26302,16745,3011
Channel Islands,2019,9193,22263,34951,39218,39070,44915,47581,49793,38681,36691,25212,22062
Channel Islands,2018,15986,24878,30668,37565,33616,39141,49533,39684,31267,26844,21703,15365
Channel Islands,2017,18887,20325,32263,33888,37528,44852,56194,40750,33063,25495,23696,16746
Channel Islands,2016,15710,20168,28054,26142,33476,39342,49119,45123,39450,28906,20029,19288
Channel Islands,2015,19847,21653,29901,23479,34023,33193,46749,35392,24994,21871,18913,14801
Channel Islands,2014,18927,21183,32109,25698,32869,43584,50470,39208,27100,18271,17923,14819
Channel Islands,2013,12800,10671,15541,18927,21009,24797,27997,26273,18851,7193,13638,14332
Channel Islands,2012,15786,17918,20902,19663,24524,29404,36269,33227,24867,19904,4999,2131
Channel Islands,2011,14343,5384,16432,24939,20563,27136,38637,30872,21264,19337,11667,12182
Channel Islands,2010,19213,23044,24377,22903,26806,27992,29118,32454,22813,16520,19691,12584
Channel Islands,2009,17352,24320,35244,36596,39758,29663,42749,46835,29820,19619,14275,12514
Channel Islands,2008,13861,19698,30885,29361,22006,36709,46116,46593,30425,23139,18847,14537
Channel Islands,2007,16087,23541,38890,35241,30366,37646,43741,43895,36658,21340,16468,16933
Channel Islands,2006,16009,22396,30129,35366,32466,39562,50276,51456,36954,23665,21689,15288
Channel Islands,2005,19573,21574,41489,40623,38757,61422,64849,52469,42447,28700,22204,NA
Channel Islands,2004,37978,30637,40684,56831,61310,58033,62994,79304,61629,26026,13107,9183
Channel Islands,2003,39792,32769,39387,43248,57610,66795,71851,74376,55783,41312,31566,31430
Channel Islands,2002,36653,39572,53729,68305,73469,56850,60572,69022,54380,37715,32613,31055
Channel Islands,2001,32316,27664,32570,42779,57457,52617,60541,66809,45530,43007,29532,29606
Channel Islands,2000,25593,22835,36054,40524,53695,51410,58609,59677,55317,25547,25772,27538
Channel Islands,1999,35545,33800,45707,51502,67729,49562,82870,68762,51389,53603,37893,28695
Channel Islands,1998,28012,18921,42505,47879,66763,58043,64375,75567,58488,49207,43226,21284
Channel Islands,1997,50357,34209,42654,38662,44930,43013,55698,61455,39266,30128,30279,18106
Channel Islands,1996,30975,33763,44735,29569,49880,58675,58793,59818,44349,29946,32510,17702
Channel Islands,1995,17214,31442,35350,38046,37915,39637,72446,98958,53242,47251,43371,11010
Channel Islands,1994,16233,9889,10897,14224,10717,12325,23520,25357,17069,15732,10057,9206
Channel Islands,1993,14405,9069,8631,13048,16138,13866,23904,25913,17685,20382,13349,8477
Channel Islands,1992,14090,9911,11527,13683,16830,14340,18813,11384,18785,16457,13644,9717
Channel Islands,1991,12309,6946,9252,9250,15562,9646,15962,19651,16067,14059,11377,9182
Channel Islands,1990,11640,7101,8183,11908,9579,10708,16876,22035,6852,15878,13385,9938
Channel Islands,1989,13244,9172,10289,10542,12249,11313,19689,17787,16051,12604,10953,8769
Channel Islands,1988,14484,10178,12457,11288,13900,10947,19317,21977,19041,13984,11321,9698
Channel Islands,1987,13326,9744,8095,9472,19363,12986,17344,24419,19533,15094,13844,11387
Channel Islands,1986,15061,7302,9925,11514,12594,14210,21062,24173,16955,17818,13439,8860
Channel Islands,1985,12865,9540,10967,10239,11897,12164,19922,24101,20473,10875,10838,10251
Channel Islands,1984,11177,14573,14608,15305,18535,18745,25778,26956,18004,14373,13643,11714
Channel Islands,1983,13809,14821,15833,14327,18302,20790,30820,26192,16808,12363,12325,8634
Channel Islands,1982,5451,13275,10530,11280,16845,14760,25454,26972,15384,11059,12296,8981
Channel Islands,1981,2815,5645,5603,5247,9070,7723,12086,13813,10969,5979,4479,4085
Channel Islands,1980,4418,2918,8054,8097,7760,13674,16783,19790,10025,4612,4919,3524
Channel Islands,1979,2732,3121,4774,5157,5805,6060,12639,15717,12187,6352,4087,4306
Joshua Tree,2025,278104,298792,411993,341516,230328,155366,139664,142794,148905,163674,295800,325708
Joshua Tree,2024,251664,283582,401378,343806,259803,171606,123786,143049,157399,212097,301653,342051
Joshua Tree,2023,285621,303933,434257,390555,263984,212700,144420,156172,189383,233697,313688,341994
Joshua Tree,2022,277128,302834,431849,358701,228627,159177,149070,135137,150533,222629,316911,325698
Joshua Tree,2021,229995,285687,375049,383735,285611,181050,125568,123163,163241,213088,334802,363411
Joshua Tree,2020,268187,298294,226600,0,89831,184139,147037,134518,168181,253877,360238,268640
Joshua Tree,2019,195993,261230,469183,374789,250928,187551,138967,120911,160294,233995,291230,303476
Joshua Tree,2018,297435,288392,404708,325715,247786,153556,130427,142015,149124,221232,299880,282112
Joshua Tree,2017,240124,260139,404545,361992,221752,125896,124571,142340,157084,223008,307770,284398
Joshua Tree,2016,193843,236807,327072,242959,220378,110505,149299,148427,156795,220065,248731,250405
Joshua Tree,2015,169097,200450,256873,216432,177545,110176,102545,107537,123171,163512,200168,198250
Joshua Tree,2014,101069,152467,195810,187219,125920,76297,78413,94933,89968,131935,175727,180146
Joshua Tree,2013,114833,130396,197074,196575,127406,77567,74274,89444,71667,54688,120911,128505
Joshua Tree,2012,109800,128888,178259,186175,117183,72981,74748,68027,79377,104590,145103,130986
Joshua Tree,2011,116050,119977,194339,195244,124339,81534,74707,64969,71694,102752,135131,115501
Joshua Tree,2010,106932,123925,207336,190427,131035,76320,72789,80053,81596,117098,134653,112812
Joshua Tree,2009,98513,97112,171428,177361,123705,74463,65923,67161,79011,119870,126299,103625
Joshua Tree,2008,102205,127998,260407,177975,113044,60395,64621,66032,78831,117308,129558,94072
Joshua Tree,2007,95278,124960,149974,166256,105744,68848,68325,73565,76578,107220,156581,105650
Joshua Tree,2006,104777,117045,152137,189636,108837,67150,46833,58973,73089,105927,128990,103027
Joshua Tree,2005,89602,107227,267723,207664,126323,76272,50610,66270,70188,101034,113626,98572
Joshua Tree,2004,113881,112696,175444,183679,103122,64776,59155,59699,67954,104369,112344,86540
Joshua Tree,2003,117131,114255,162371,180230,120713,63436,54407,58947,66148,106265,125043,114400
Joshua Tree,2002,104712,103356,148922,153933,101747,57377,68581,56082,61721,88251,120774,112920
Joshua Tree,2001,101426,102687,171438,190339,104431,64616,76297,65376,72161,98221,132952,100973
Joshua Tree,2000,103797,116756,146710,168176,95876,67078,65298,62408,73924,99099,111312,123501
Joshua Tree,1999,104162,126667,182659,163839,140726,72775,61507,68923,79211,99979,119216,96676
Joshua Tree,1998,100222,98865,199882,219331,146876,80703,66074,64812,78495,117171,136325,101556
Joshua Tree,1997,98081,107308,199251,156804,100639,61011,64485,69070,68426,103148,118498,79552
Joshua Tree,1996,55687,87746,137817,156643,99730,60762,51275,59478,73373,97380,119103,96052
Joshua Tree,1995,78905,109820,170053,232390,132540,77487,65467,70552,73887,93875,89815,40911
Joshua Tree,1994,105235,93005,157012,162378,123553,55850,59001,57181,98808,95789,98680,78379
Joshua Tree,1993,70321,90308,170610,199928,122901,69347,75341,70931,93204,99040,102132,88338
Joshua Tree,1992,91836,98591,155137,216697,118709,68586,68775,65282,73059,88169,104536,71162
Joshua Tree,1991,75729,103484,135990,168319,120435,62850,54664,61584,64865,84298,111431,101809
Joshua Tree,1990,70104,91593,143344,160677,108509,49062,43891,48448,62216,79652,95195,69705
Joshua Tree,1989,70863,86190,159060,120429,79530,48443,37495,50503,79518,78353,98600,81230
Joshua Tree,1988,59997,79089,158537,144272,96523,48587,35818,43225,56694,73637,86460,72407
Joshua Tree,1987,58644,59757,118457,142020,131060,26767,29319,31199,39614,46867,72964,73417
Joshua Tree,1986,56857,58738,115476,161816,71516,26243,32586,29997,38283,47821,74139,69752
Joshua Tree,1985,52843,68129,93818,127574,54474,19899,19499,21686,29622,46923,55472,51233
Joshua Tree,1984,50582,70334,77459,115351,63892,42737,28366,23075,30771,50098,64068,47065
Joshua Tree,1983,49659,72930,98973,124414,76271,32439,29280,19828,27048,40849,52389,47346
Joshua Tree,1982,53567,66730,76795,140125,58123,38449,32823,34566,35973,47402,49118,39530
Joshua Tree,1981,53025,57039,63733,85381,63507,22150,22477,22410,37859,76858,61318,47209
Joshua Tree,1980,30316,46258,68994,82735,64638,27403,26570,30106,32169,31817,56367,47984
Joshua Tree,1979,33759,64577,80579,119233,42311,25863,27988,32224,26521,47948,56920,32620
Kings Canyon,2025,23451,15889,22823,42133,98420,118936,128217,119276,86040,68186,35955,20465
Kings Canyon,2024,15631,12782,19070,31276,88904,99922,116045,108771,88886,66519,29811,21772
Kings Canyon,2023,14363,14944,1481,27530,69344,126318,109259,81074,88018,56050,31780,22904
Kings Canyon,2022,21971,14419,19744,36642,79247,94402,120676,89257,81801,53287,18222,11318
Kings Canyon,2021,27701,21653,18571,37148,82199,104953,117408,77706,23595,10991,27376,13617
Kings Canyon,2020,19845,17975,6605,0,0,60989,101797,95540,42936,40030,21121,8239
Kings Canyon,2019,20295,9227,22067,41156,57345,90612,102440,113009,81206,55118,25439,14196
Kings Canyon,2018,19675,15188,19901,38693,74150,93585,122539,115274,86996,53965,29260,29797
Kings Canyon,2017,15418,11318,21097,37205,75564,101999,135073,102530,85345,54012,29885,23486
Kings Canyon,2016,18269,14271,16977,27366,60356,84684,120909,91602,81525,51885,25597,14038
Kings Canyon,2015,20698,10966,18601,28188,55976,71510,97830,69287,36798,36963,12326,8963
Kings Canyon,2014,11139,14673,14381,23704,56407,71759,88398,84014,59244,44194,15920,18435
Kings Canyon,2013,17525,16319,21461,27905,68820,83204,110798,95281,73715,27375,14906,10235
Kings Canyon,2012,20730,18342,21248,27752,51659,97976,104026,96336,58757,53215,22907,18085
Kings Canyon,2011,20336,15770,15722,28776,55308,70748,105929,96141,69304,48408,21604,18764
Kings Canyon,2010,20643,17933,21025,26051,53571,82339,115369,96700,80168,49149,17668,17589
Kings Canyon,2009,21375,17979,27272,33067,69324,74804,106007,93105,70631,51230,26956,17546
Kings Canyon,2008,22248,21445,30603,32721,59151,70849,95855,95908,55771,47003,26173,17143
Kings Canyon,2007,19707,19583,22021,29968,59223,71757,103295,91726,65545,50086,26383,20835
Kings Canyon,2006,20063,18436,17507,26699,55953,70636,100130,95774,63316,47937,22613,13702
Kings Canyon,2005,17858,17338,24369,28788,57008,77865,104051,91887,66683,57469,29519,22058
Kings Canyon,2004,21380,20851,24187,34263,63068,68116,53410,92037,65570,40080,24822,17251
Kings Canyon,2003,20906,17598,23965,28351,68068,67111,94396,97916,55850,43998,21486,16342
Kings Canyon,2002,23120,18934,22486,25650,50253,54855,90372,96069,69009,54941,21833,17898
Kings Canyon,2001,17826,16365,22091,25808,51912,78441,94654,89671,58357,41150,23627,21885
Kings Canyon,2000,13830,17538,21549,28223,57181,66510,93497,81917,61091,41692,25328,20631
Kings Canyon,1999,16518,18174,20623,26019,54881,71531,104439,89776,65175,48846,28203,15349
Kings Canyon,1998,19255,15734,22444,23878,41226,68291,95696,93627,74852,41584,21973,21652
Kings Canyon,1997,16037,18529,25645,26791,52303,58273,73661,78440,55700,39180,21621,18538
Kings Canyon,1996,34268,17663,20857,33460,66479,70494,83968,48042,55137,35138,20364,16879
Kings Canyon,1995,20864,8329,17727,132994,165356,33085,138197,95547,73947,110789,28764,7195
Kings Canyon,1994,20974,14224,27654,30859,60380,101433,129593,120950,87965,80213,28583,23102
Kings Canyon,1993,19951,20161,24123,33816,69351,77216,100960,108697,81362,53900,26877,20101
Kings Canyon,1992,30226,21856,26332,36144,70283,80927,105051,92657,79987,55395,16418,22170
Kings Canyon,1991,30164,29817,25853,42660,108788,144494,189910,213332,130229,83938,43917,27920
Kings Canyon,1990,26604,25598,37590,58466,102842,159930,186471,186938,128544,76732,47479,25673
Kings Canyon,1989,30770,22031,34126,53807,111393,126739,176264,178942,133315,89122,47775,33065
Kings Canyon,1988,26047,34333,42725,48728,101128,127729,179137,179637,117842,85651,41690,23048
Kings Canyon,1987,34834,33469,32689,59692,116526,149943,184338,198763,119573,79283,41637,30425
Kings Canyon,1986,35798,19316,28565,50360,96620,131429,190991,191749,105393,84278,49705,44581
Kings Canyon,1985,25841,23540,27226,41122,85512,110626,165174,175699,103557,56256,25827,34076
Kings Canyon,1984,27727,29655,32240,42301,92697,130025,161812,163888,136681,62373,28118,29745
Kings Canyon,1983,18988,16406,15988,15759,23961,86066,155307,185663,123432,72422,29159,22604
Kings Canyon,1982,16735,18663,17837,17399,70816,110130,177301,196353,109741,59197,20039,16833
Kings Canyon,1981,23768,20102,15349,19701,68800,129944,171904,157059,95669,41462,15462,17630
Kings Canyon,1980,14741,22240,10099,11489,56962,105143,166250,198338,100302,66108,40740,26653
Kings Canyon,1979,19924,18242,18114,37101,63777,111795,156792,163878,99460,76770,25652,12670
Lassen Volcanic,2025,7527,6438,6531,11151,36333,84606,113063,107873,71747,44904,6798,7809
Lassen Volcanic,2024,7116,6786,6072,6978,34227,72903,92058,16641,56526,42657,11793,3894
Lassen Volcanic,2023,5475,5775,5775,6180,23184,52352,103383,83646,69877,44773,9495,9063
Lassen Volcanic,2022,9894,8184,7764,13539,21836,70558,110025,94788,53204,41193,9063,6243
Lassen Volcanic,2021,10455,8616,8847,18873,53906,105549,120113,558,0,14856,11484,6378
Lassen Volcanic,2020,10770,11655,6933,0,3108,83355,135668,120112,67992,72363,16947,13371
Lassen Volcanic,2019,8646,6561,7944,12477,25170,63803,105535,98109,75502,88428,12879,11985
Lassen Volcanic,2018,10263,7194,7773,21216,34144,75220,114368,91422,75514,45236,9480,7605
Lassen Volcanic,2017,9231,7203,7002,10518,31173,58880,122834,111514,88592,40581,10335,9393
Lassen Volcanic,2016,9627,8730,8967,12294,29355,74193,120958,105114,88631,64396,8373,5430
Lassen Volcanic,2015,9084,7212,8262,10980,31023,63211,106868,106166,70956,37395,8829,8106
Lassen Volcanic,2014,5787,5835,8472,8434,29121,66774,98926,93162,62349,33405,10392,10320
Lassen Volcanic,2013,14298,7611,5847,9906,26468,67368,102986,104876,64968,7086,11246,4749
Lassen Volcanic,2012,6702,5970,1758,9867,28548,56793,98098,91293,59874,35415,6531,6804
Lassen Volcanic,2011,7518,4644,7119,6402,20024,44712,83008,70924,68174,27290,5949,5505
Lassen Volcanic,2010,8364,4842,7146,7428,18154,50934,90517,74012,63200,45603,7908,6462
Lassen Volcanic,2009,6390,7149,6555,6492,21683,54537,82833,81082,57226,24094,9087,8511
Lassen Volcanic,2008,6303,5568,6996,7722,22446,54644,84863,85597,60012,27025,8610,7575
Lassen Volcanic,2007,6489,5127,7026,8826,28153,58337,91548,92588,55086,25758,9555,6564
Lassen Volcanic,2006,6795,6231,6289,7186,20568,43326,95757,85089,69602,34044,7857,5997
Lassen Volcanic,2005,7207,5946,7146,7620,21294,49790,90440,81669,53655,27263,7955,5550
Lassen Volcanic,2004,7318,4934,7612,9552,24648,54481,88936,83013,57542,27231,7881,6519
Lassen Volcanic,2003,8046,7068,7294,8403,19656,49339,94453,91650,72273,31890,7748,6564
Lassen Volcanic,2002,7941,6840,7506,8520,23456,51294,91554,82452,59986,32275,10322,6003
Lassen Volcanic,2001,5862,6417,7785,6875,25775,54387,84823,81285,55552,29998,10166,7770
Lassen Volcanic,2000,6132,7839,8370,9920,22861,57636,91297,73770,53677,26221,8743,8445
Lassen Volcanic,1999,7984,5431,5811,5826,17568,41215,84288,83530,52602,30677,10292,8532
Lassen Volcanic,1998,6963,6260,10618,12012,10383,24921,72179,79809,57388,23696,6578,7242
Lassen Volcanic,1997,2596,5009,5474,5381,18595,61923,97613,104750,44010,27271,10515,8679
Lassen Volcanic,1996,3470,5773,6809,4650,12437,35083,88750,97312,62095,25710,4962,4581
Lassen Volcanic,1995,5757,8803,5115,5996,14145,25848,74212,99187,71827,31283,7073,1755
Lassen Volcanic,1994,10657,7457,6970,10125,27199,61816,80683,93276,49622,24729,6119,6836
Lassen Volcanic,1993,17267,18225,15394,10755,15543,37410,94632,101554,74136,31345,10649,7354
Lassen Volcanic,1992,22682,21960,15530,13316,30906,62316,90437,92052,60165,32731,10838,15078
Lassen Volcanic,1991,9186,8307,24226,11533,22124,51216,98460,110739,68746,35830,10427,12385
Lassen Volcanic,1990,16414,19210,15164,12644,24956,58689,101633,90707,66759,32766,12198,9777
Lassen Volcanic,1989,21739,20611,16028,12918,25749,62309,94132,97916,67265,28809,9777,8862
Lassen Volcanic,1988,25002,23577,13647,10059,24894,69321,100712,106135,58432,34823,16446,12580
Lassen Volcanic,1987,22367,22453,18059,17094,33162,58357,89569,102701,54022,27398,12933,14316
Lassen Volcanic,1986,21531,19152,21528,11637,19632,48147,95167,99230,57820,22512,11529,11838
Lassen Volcanic,1985,31239,23366,16207,11749,26384,52068,86796,89822,56650,22984,7236,26996
Lassen Volcanic,1984,30588,22923,18566,14988,16557,48210,90408,99345,57198,20694,15420,28378
Lassen Volcanic,1983,29141,24445,17131,16816,10457,33064,78365,90888,67114,26010,17307,19129
Lassen Volcanic,1982,20150,17318,12535,7830,11088,43581,91128,91506,64048,21482,13846,20347
Lassen Volcanic,1981,19093,27359,15812,14501,16801,50258,84309,89715,52204,20097,10243,14653
Lassen Volcanic,1980,20881,16295,18737,10874,12253,44966,78293,88487,55907,21550,10080,16102
Lassen Volcanic,1979,22948,20517,14601,10746,11302,44720,71374,85514,56026,24451,9160,8655
Pinnacles,2025,30342,26892,44670,39378,37144,33717,28051,23931,18010,16898,20859,23316
Pinnacles,2024,21517,20006,44547,35849,36859,32430,24309,24940,23964,25615,33745,30295
Pinnacles,2023,11164,21898,26109,56339,43708,26468,38823,22034,21513,23037,23851,26276
Pinnacles,2022,27724,30673,34712,23642,27948,22256,19551,19330,13898,17184,21697,16408
Pinnacles,2021,26793,31316,38402,39597,40064,37029,29502,18765,21721,23448,23187,19033
Pinnacles,2020,23959,22021,18537,1635,4640,10364,10508,8526,5850,15722,23139,20839
Pinnacles,2019,1154,11735,24681,16234,19398,19061,13016,16795,14165,14084,14786,12115
Pinnacles,2018,15909,18793,22351,25902,24843,27164,12797,15122,13192,13799,15851,16429
Pinnacles,2017,12696,13476,28618,34773,24776,20556,20705,15826,12781,15829,15473,17825
Pinnacles,2016,13054,20009,24605,27035,23360,17569,18818,16784,13419,10663,13980,16259
Pinnacles,2015,18108,17557,24192,26243,22618,16380,18472,13230,10757,12442,12918,13616
Pinnacles,2014,15750,15335,20755,26227,21392,16838,15620,15317,13058,11070,12165,13108
Pinnacles,2013,17476,17962,24165,33487,25714,22021,23316,21017,11120,14804,13969,12626
Pinnacles,2012,13206,13617,18340,25586,19532,16685,17682,15912,8294,25848,23022,26752
Pinnacles,2011,9596,28625,22316,28524,59878,33691,43868,52993,38294,25698,22984,26752
Pinnacles,2010,8594,11949,31234,46729,36225,12191,18589,27740,22176,11186,10486,9476
Pinnacles,2009,10531,9937,22877,24219,15938,11841,13668,13936,12659,10189,12954,12363
Pinnacles,2008,9246,10297,17836,30528,15061,11163,12077,14877,15065,11681,9846,9311
Pinnacles,2007,10006,11119,17662,30226,15504,11041,12406,13598,8144,13373,10652,7288
Pinnacles,2006,8008,14584,11086,31258,17503,13147,12172,12845,9259,12188,10016,6758
Pinnacles,2005,11393,10988,25265,25219,19579,13161,12179,13977,10772,11602,10031,6828
Pinnacles,2004,10153,10945,19529,21778,19483,13243,12731,12643,9273,10071,9923,7625
Pinnacles,2003,7267,10790,20018,21773,23291,11470,14251,15107,12213,8310,10193,8108
Pinnacles,2002,10126,12676,17606,25193,19676,15570,9980,16742,11527,4869,11360,6941
Pinnacles,2001,9069,7374,34184,24291,20065,14268,13289,16880,12903,9335,9649,6936
Pinnacles,2000,10667,8961,16152,24995,16955,13136,16089,12379,11276,10909,10109,10482
Pinnacles,1999,10117,9200,15524,18961,23587,16894,14693,15025,9201,10825,10632,10195
Pinnacles,1998,5421,1321,0,13804,9952,10784,8580,9657,9232,8919,8564,8405
Pinnacles,1997,8811,14761,23466,31959,22640,17467,9309,12607,7165,9127,7789,6870
Pinnacles,1996,9717,11032,22615,25650,20378,16426,11601,11420,9256,9428,10163,6779
Pinnacles,1995,12967,14821,11939,27067,25110,19000,14511,13838,11819,12731,9083,4641
Pinnacles,1994,12223,9597,20332,25279,20456,15227,16579,12287,11364,11631,8705,8962
Pinnacles,1993,9712,12630,19762,30508,27184,15993,17815,16081,12869,12297,10537,9369
Pinnacles,1992,12669,12508,18743,29462,22828,16115,17518,15637,11151,12859,13108,9085
Pinnacles,1991,10319,16766,16941,24688,23169,17571,17373,18397,12525,11573,13992,9296
Pinnacles,1990,11673,15608,21376,31305,23353,18368,16608,17415,15905,14803,16577,11277
Pinnacles,1989,13620,15840,24709,29114,26102,16851,18344,17694,15735,12654,15061,12877
Pinnacles,1988,12413,21760,30493,27476,31458,16475,16774,15414,9968,9834,10274,9755
Pinnacles,1987,12161,16507,21086,29731,24655,18404,18456,18350,10659,11716,13934,9046
Pinnacles,1986,11272,10872,23814,25878,23638,15225,13615,17399,14875,14782,17060,9806
Pinnacles,1985,10851,17587,18180,28351,23477,14948,14951,15874,14441,14001,11513,7404
Pinnacles,1984,13419,15417,18729,22562,16967,12873,12765,13355,10940,12182,9438,7611
Pinnacles,1983,9118,12389,10526,22799,30895,15471,13856,13385,11533,13064,10324,7271
Pinnacles,1982,9520,12784,14832,21840,25116,15626,16215,13170,10731,13408,9667,8117
Pinnacles,1981,11131,12380,16013,20644,19742,9665,10813,13597,11123,11386,11397,7314
Pinnacles,1980,7908,10308,19466,21736,19442,13862,14053,12684,9135,11795,13003,10234
Pinnacles,1979,9581,14156,20937,24354,14832,9726,9823,8536,10842,12054,11277,7599
Redwood,2025,48394,41615,54640,66958,119782,222029,197051,166985,129138,77984,46862,31042
Redwood,2024,18772,21190,34687,45248,67073,85190,84702,72318,75387,51797,32140,34379
Redwood,2023,15304,19542,22212,32444,49794,55601,48652,45993,46687,40581,19835,12460
Redwood,2022,20630,20202,27390,34053,44887,59736,68544,60003,49954,38004,19904,15093
Redwood,2021,19790,19708,20645,24290,43346,53024,56573,58121,57927,38708,23828,19919
Redwood,2020,24128,21201,9079,5212,25258,29408,39126,38488,21343,21833,15981,14120
Redwood,2019,17129,17768,30938,33179,62796,76137,69750,55227,55568,42048,24430,19752
Redwood,2018,23502,16684,24118,32580,51464,70581,72787,57316,51968,35275,22477,23784
Redwood,2017,24830,16308,19301,32127,49170,59862,68427,51747,43677,31446,21096,27009
Redwood,2016,18194,18711,38638,42544,57045,72858,86244,63767,49344,46653,18915,23384
Redwood,2015,16051,30275,25597,39346,46980,69820,84987,65615,54037,36714,31566,26155
Redwood,2014,16096,9827,20955,28779,37871,48382,77247,62241,44474,37044,26882,19368
Redwood,2013,15542,13876,19426,29379,36734,50774,66804,60463,45089,22101,16059,17117
Redwood,2012,13949,13686,16802,24262,10834,42803,58407,56920,44049,31070,19684,20051
Redwood,2011,16364,12468,18385,19784,28613,50231,74527,54168,45916,33542,12248,13921
Redwood,2010,20500,13621,19051,25252,32892,56028,67234,70215,43030,35534,16390,19073
Redwood,2009,17078,16957,32644,29017,45772,63174,75108,57666,47505,23753,20681,15071
Redwood,2008,11585,15776,32329,32014,39308,53062,63712,53025,42411,20725,16505,16447
Redwood,2007,14472,10852,13897,26783,30488,54956,63493,63541,48081,24470,18068,16070
Redwood,2006,12674,13185,15747,25911,22586,45470,70327,82714,43661,25483,14121,11901
Redwood,2005,18157,18640,24069,26641,39955,45277,65385,63488,38236,26773,14044,13479
Redwood,2004,18765,19114,17561,32886,33653,44352,61569,63415,35248,30985,17646,16835
Redwood,2003,19675,15240,16109,23527,30642,42965,71114,64070,52803,36356,16300,19325
Redwood,2002,13418,15639,20507,24459,36020,54453,67449,55199,47732,33779,18943,17191
Redwood,2001,17519,14290,25037,28134,35421,46593,71978,55621,36042,28929,15367,13421
Redwood,2000,17835,17575,19239,24315,40500,39788,58541,56010,43390,29581,17673,18806
Redwood,1999,12485,14909,16494,26118,33624,43123,55862,59725,42031,28147,17324,19884
Redwood,1998,11253,12047,16711,25608,24282,52855,70077,73163,42787,25754,16919,11732
Redwood,1997,12203,13001,18299,25102,28946,41807,76879,64807,45836,26465,16137,13006
Redwood,1996,10924,13140,21290,27396,36107,58363,69776,76032,49650,36729,15237,12294
Redwood,1995,13216,16262,21486,32603,54728,69710,92704,132599,59038,38450,15519,6149
Redwood,1994,13092,11472,25367,24370,38339,54722,79816,78205,61623,46576,25306,16145
Redwood,1993,13314,14547,16126,25881,34384,51792,73388,73614,58197,33034,18866,7884
Redwood,1992,14664,15439,21947,31689,36478,49382,63634,61426,39614,25215,15203,13090
Redwood,1991,18782,12102,16710,22418,29871,34520,60921,71255,43719,28862,13338,13782
Redwood,1990,10538,10531,18929,24846,27130,42462,65704,60429,42700,21439,13714,10036
Redwood,1989,22476,21193,27392,34238,56041,91340,124402,110454,75835,40281,26493,23970
Redwood,1988,19049,25912,32572,40070,56461,83479,130356,117022,81795,45673,21375,23371
Redwood,1987,19901,22619,29500,33984,56127,75396,112990,112178,69296,32894,22205,23807
Redwood,1986,24862,16154,21793,27015,50763,62553,109995,108897,59996,42618,23503,19700
Redwood,1985,15530,15767,18695,25662,46280,62831,95325,96878,50367,32962,22497,22997
Redwood,1984,15931,18542,16192,31595,42469,41703,92009,87559,60430,28804,19973,11948
Redwood,1983,15614,21535,23239,22221,40274,54382,93768,84910,60044,25808,17114,14802
Redwood,1982,15077,14905,15718,21430,41762,57898,90816,83035,54460,39089,20230,12706
Redwood,1981,17493,17545,25734,36115,46132,70230,94825,107092,61548,37740,18829,16178
Redwood,1980,19593,19397,25132,26851,33505,52414,78046,74621,56715,35561,20664,29211
Redwood,1979,15362,17152,27470,24690,26229,64665,58222,55654,51708,31110,22668,18987
Sequoia,2025,51845,40294,74414,104655,138749,161775,200392,195347,146996,122794,79477,61599
Sequoia,2024,48087,38250,67764,88326,137566,123835,212834,199189,148582,117625,71510,56005
Sequoia,2023,26006,31190,5214,29029,73576,87230,186932,171867,142544,106350,68745,51884
Sequoia,2022,32564,39182,58365,86412,121934,135869,188020,170284,127041,96663,55800,41064
Sequoia,2021,65177,54162,79431,103101,134360,162201,182423,155567,50597,22545,25406,24578
Sequoia,2020,46368,48821,16625,0,0,52901,194892,187702,88313,65370,66044,29050
Sequoia,2019,36024,28737,63343,93054,119816,153882,193633,190139,144639,118187,59502,45097
Sequoia,2018,39678,41244,65934,84169,131687,156039,193884,184413,135576,83442,54590,58938
Sequoia,2017,28877,27306,58609,94141,131584,169618,232403,200337,147224,89252,58403,53502
Sequoia,2016,41007,33815,59292,73518,127056,160327,221476,191657,150580,92679,57513,45768
Sequoia,2015,35320,29613,53100,68602,113812,139746,197117,173943,124126,70954,48251,42880
Sequoia,2014,25825,26877,48135,70926,101054,135952,179033,180619,112109,70260,45885,42462
Sequoia,2013,24429,21262,43242,50937,98904,147445,161286,162352,105351,28702,37328,28036
Sequoia,2012,30112,28557,45541,59186,108045,123538,178374,255984,147491,69775,32886,27095
Sequoia,2011,29303,21913,41621,66501,111466,120708,184262,183238,112027,67767,37787,29990
Sequoia,2010,30283,21838,37947,53237,100412,124164,198203,173300,125658,70483,39095,28359
Sequoia,2009,27347,25630,50551,57885,106045,116902,172196,166989,104422,69113,37215,30875
Sequoia,2008,27643,28943,47827,49940,100694,111533,166615,176568,90212,61435,38753,29848
Sequoia,2007,29878,28433,44561,60206,103903,121408,167721,167421,106067,69940,47773,32226
Sequoia,2006,32103,30055,42372,57708,104572,115062,162584,158372,107311,73627,37129,33612
Sequoia,2005,32102,28188,43344,55739,111303,123919,170938,176490,108674,71964,49402,32780
Sequoia,2004,32957,31324,46987,62543,103991,120331,196589,169686,97919,68789,39547,29514
Sequoia,2003,34021,25170,36300,56662,117788,132100,169873,167864,94607,73412,36007,35493
Sequoia,2002,20699,22307,34830,48040,105262,118442,153278,169075,99319,69649,42811,36580
Sequoia,2001,24024,21150,29921,49621,107500,116582,156281,160246,95145,56346,32734,20777
Sequoia,2000,20615,22096,30659,48876,72244,122143,170186,145987,90312,59548,35298,20983
Sequoia,1999,21792,22085,38088,55179,72830,110573,163724,159339,100920,70423,38026,20250
Sequoia,1998,25980,22909,24621,34844,101486,114351,164805,163724,98354,60946,29297,19986
Sequoia,1997,14392,16713,42544,57862,153230,129033,175464,180201,116735,69268,32048,21441
Sequoia,1996,23783,22668,36223,43000,90135,112951,156392,160107,78200,57750,31823,25028
Sequoia,1995,19960,20012,23161,52389,81563,120054,206392,163897,59699,52890,30254,14311
Sequoia,1994,32358,20157,26541,33369,158701,129570,195432,176626,105941,83535,51145,20758
Sequoia,1993,21454,21625,27259,66686,129675,135275,195877,191021,143704,76426,35318,22232
Sequoia,1992,26510,26391,37107,66108,159885,135323,152436,135615,97943,69048,33538,21191
Sequoia,1991,26553,32228,31342,55763,122256,148495,194041,218094,132071,82800,47939,28696
Sequoia,1990,25321,27815,41787,83797,130625,143425,171477,181087,120922,67525,44399,25358
Sequoia,1989,28075,26134,42336,67884,117890,138160,177925,181660,124199,73557,45946,32254
Sequoia,1988,28557,33204,46932,61744,113130,135794,181437,180107,121807,66396,37818,24203
Sequoia,1987,34064,32340,32928,74103,132960,151253,204346,211905,125518,67273,43759,28940
Sequoia,1986,31886,21898,37530,58270,110011,144532,188908,198976,112033,68188,46739,37556
Sequoia,1985,28235,25850,32486,51586,93728,127956,167641,179823,116068,56798,29111,30186
Sequoia,1984,28507,29305,35855,52027,97382,138471,176356,176192,130606,55235,31687,28009
Sequoia,1983,23111,20739,20381,29103,36738,117644,189114,174687,122090,65245,31283,24098
Sequoia,1982,44619,27170,32604,48034,95434,128891,186728,219550,128234,62353,27422,19461
Sequoia,1981,27645,25681,21775,38978,90972,139285,187727,223365,158730,74986,54104,39754
Sequoia,1980,14085,18200,22749,30354,67881,115603,173770,185655,109331,59511,38554,26704
Sequoia,1979,25338,22334,24271,47410,63854,101152,146109,163110,102024,51956,32888,19130
Yosemite,2025,135684,120601,155758,297621,454491,584333,616551,594060,487733,445779,234709,151093
Yosemite,2024,127789,121027,147102,234232,409748,566111,574270,547217,537313,462467,230748,163783
Yosemite,2023,107256,107012,25005,205802,322308,487618,580357,593378,559464,488566,252249,168055
Yosemite,2022,137057,170196,192634,285601,380905,470045,396833,518407,424374,381612,178786,131100
Yosemite,2021,67284,128222,159906,257158,348006,429980,509874,432038,356030,284611,185213,129273
Yosemite,2020,132742,167778,92324,0,0,236534,501068,375226,258561,249827,136799,117454
Yosemite,2019,116746,111665,173610,297207,393004,496625,717462,703153,584664,448939,230598,149188
Yosemite,2018,129432,143321,170681,278349,385670,543690,504230,441867,524387,360776,215854,311179
Yosemite,2017,120025,119421,166793,302553,471844,565702,633351,615892,566279,429827,217927,127276
Yosemite,2016,139780,201601,286990,305092,457309,703614,780728,692450,598428,483232,218998,160646
Yosemite,2015,128318,135316,194667,281328,408121,545231,626009,636936,527402,357223,169425,140241
Yosemite,2014,112133,113403,146750,242722,333308,496363,623663,654157,467205,354769,203678,134491
Yosemite,2013,103910,114440,165409,231178,370422,508941,611538,552137,460855,279526,161356,131479
Yosemite,2012,120496,113341,136687,243102,356500,528186,623101,660118,482004,322687,141868,125314
Yosemite,2011,100718,93588,100433,231372,356588,503741,704553,699749,533502,360449,139079,127621
Yosemite,2010,96089,100379,149651,224461,382414,521059,643566,659857,520210,356370,148459,98893
Yosemite,2009,101984,78795,132711,230828,399683,483382,586591,643300,471530,346826,151297,110545
Yosemite,2008,95124,107729,153735,199592,361193,473186,539874,543799,416918,295547,146838,97979
Yosemite,2007,99892,100941,135925,219854,374184,466054,543235,550172,417882,298122,178846,118321
Yosemite,2006,104591,101194,125556,189472,309387,382972,510932,528254,421502,298771,165499,104514
Yosemite,2005,91238,103756,143335,195385,304552,413124,554567,485643,430134,318508,152671,111231
Yosemite,2004,100020,106258,146876,228212,326017,449566,531864,508094,393437,272200,121622,96745
Yosemite,2003,116984,111506,137550,174337,280335,445887,536683,604093,405605,316366,136390,112928
Yosemite,2002,108906,113695,141766,186682,295511,436862,513789,570914,426684,300919,149828,116311
Yosemite,2001,102455,101897,142141,192936,315897,434014,528849,591196,448519,264465,137876,108486
Yosemite,2000,93633,103444,136523,216087,317009,454638,548440,546981,388707,324484,144958,125999
Yosemite,1999,100857,102345,136795,169517,335374,448560,558114,625405,433178,330334,150843,102285
Yosemite,1998,114143,109163,157257,231495,307331,345916,603790,672966,480941,384428,142002,107700
Yosemite,1997,12520,64201,136476,200212,319108,460459,595059,697060,516567,372171,168533,127604
Yosemite,1996,104086,135115,180709,253532,347364,527284,622855,679862,517934,365313,172037,140116
Yosemite,1995,123844,151102,124710,250592,279575,449511,663052,656064,551886,409319,210295,88456
Yosemite,1994,131216,127303,186008,247425,384114,495097,585940,666555,511954,336448,146675,143382
Yosemite,1993,101503,105315,151472,246136,378548,446235,604248,634588,503629,368978,171108,127885
Yosemite,1992,126603,120908,149651,251872,425555,486890,568070,586868,470798,356333,163364,112606
Yosemite,1991,104673,111073,117735,187607,354908,396841,521822,587904,441553,320769,164072,114144
Yosemite,1990,99686,101236,145037,237815,364549,424933,482066,367502,364838,276025,162254,98998
Yosemite,1989,102646,96527,143858,204102,377940,413068,511957,524395,390364,264670,163939,114693
Yosemite,1988,94583,109552,153436,190484,362008,404321,477167,502674,385509,292886,144254,99807
Yosemite,1987,94639,98799,109617,192048,373894,419479,487915,526850,328866,281719,146909,91540
Yosemite,1986,92835,74133,114441,152019,291811,362173,439823,522908,340843,245733,151081,88917
Yosemite,1985,84266,86738,101035,158974,314386,375841,447936,498319,344277,230095,105532,84553
Yosemite,1984,75894,83589,102049,147755,276877,363876,414711,494860,370899,217730,101528,88699
Yosemite,1983,64748,64554,85104,90376,214870,266832,441436,473638,350841,242778,87561,74726
Yosemite,1982,60817,68307,70702,73259,254169,363303,425198,432776,303673,206821,85193,71369
Yosemite,1981,60669,90274,83104,152469,282531,337392,404269,438123,313946,190612,95862,67642
Yosemite,1980,66677,75612,99896,120970,212971,309470,416583,470491,289108,238586,118024,71894
Yosemite,1979,72701,72926,87950,136275,210756,301727,379640,427454,293424,193825,99485,74619
